[
    {
      "id": 1,
      "title": "用户登录模块开发",
      "description": "开发用户登录模块，包括登录验证和密码找回功能。",
      "start": "2024-11-19",
      "end": "2024-11-21",
      "priority": "高",
      "status": "进行中",
      "type": "开发",
      "colorClass": "event-green"
    },
    {
      "id": 2,
      "title": "支付模块开发",
      "description": "开发支付模块，支持支付宝和微信支付。",
      "start": "2024-11-20",
      "end": "2024-11-22",
      "priority": "中",
      "status": "待开始",
      "type": "开发",
      "colorClass": "event-blue"
    },
    {
      "id": 3,
      "title": "数据分析仪表盘设计",
      "description": "设计数据分析仪表盘，包括数据可视化和报表功能。",
      "start": "2024-11-21",
      "end": "2024-11-23",
      "priority": "高",
      "status": "进行中",
      "type": "设计",
      "colorClass": "event-yellow"
    },
    {
      "id": 4,
      "title": "Bug 修复 - 登录模块",
      "description": "修复用户登录模块中的登录失败问题。",
      "start": "2024-11-22",
      "end": "2024-11-23",
      "priority": "高",
      "status": "待开始",
      "type": "修复",
      "colorClass": "event-red"
    },
    {
      "id": 5,
      "title": "性能优化 - 数据库查询优化",
      "description": "优化数据库查询速度，减少数据查询的响应时间。",
      "start": "2024-11-24",
      "end": "2024-11-25",
      "priority": "中",
      "status": "进行中",
      "type": "优化",
      "colorClass": "event-purple"
    },
    {
      "id": 6,
      "title": "用户测试 - 功能测试",
      "description": "进行系统功能测试，确保所有功能正常工作。",
      "start": "2024-11-25",
      "end": "2024-11-27",
      "priority": "低",
      "status": "待开始",
      "type": "测试",
      "colorClass": "event-grey"
    },
    {
      "id": 7,
      "title": "API 接口文档编写",
      "description": "编写和更新 API 接口文档，确保开发人员能够正确调用接口。",
      "start": "2024-11-26",
      "end": "2024-11-28",
      "priority": "中",
      "status": "进行中",
      "type": "文档",
      "colorClass": "event-blue"
    },
    {
      "id": 8,
      "title": "上线部署 - 第一次部署",
      "description": "将系统部署到生产环境，确保上线顺利进行。",
      "start": "2024-11-28",
      "end": "2024-11-30",
      "priority": "高",
      "status": "待开始",
      "type": "部署",
      "colorClass": "event-green"
    },
    {
      "id": 9,
      "title": "客户培训 - 操作指南",
      "description": "为客户提供操作系统培训，确保客户能够顺利使用系统。",
      "start": "2024-11-29",
      "end": "2024-12-01",
      "priority": "低",
      "status": "待开始",
      "type": "培训",
      "colorClass": "event-purple"
    },
    {
      "id": 10,
      "title": "安全漏洞修复",
      "description": "修复系统中的安全漏洞，增强系统安全性。",
      "start": "2024-11-20",
      "end": "2024-11-21",
      "priority": "高",
      "status": "进行中",
      "type": "修复",
      "colorClass": "event-red"
    }
  ]
  